omeka_007035.xml,120017139.tif
omeka_007036.xml,120017138.tif
omeka_007037.xml,120017137.tif
omeka_007038.xml,Avery_3759_01.tif
omeka_007039.xml,X893_AL1_095.tif
omeka_007040.xml,X893_AL1_034.tif
omeka_007041.xml,120017025.tif
omeka_007042.xml,120017024.tif
omeka_007043.xml,120017031.tif
omeka_007044.xml,120017030.tif
omeka_007045.xml,120017038.tif
omeka_007046.xml,120017037.tif
omeka_007047.xml,120017077.tif
omeka_007048.xml,120017085.tif
omeka_007049.xml,120017084.tif
omeka_007050.xml,120017083.tif
omeka_007051.xml,120017120.tif
omeka_007052.xml,120017119.tif
omeka_007053.xml,120017122.tif
omeka_007054.xml,120017106.tif
omeka_007055.xml,120017105.tif
omeka_007056.xml,120017104.tif
omeka_007057.xml,120017019.tif
omeka_007058.xml,120017018.tif
omeka_007059.xml,dkv_hebrew_37.tif
omeka_007060.xml,120017146.tif
omeka_007061.xml,120017145.tif
omeka_007062.xml,X893_J152_011a.tif
omeka_007063.xml,120017058.tif
omeka_007064.xml,X893_T141_037.tif
omeka_007065.xml,120017125.tif
omeka_007066.xml,120017127.tif
omeka_007067.xml,120017165.tif
omeka_007068.xml,X893.1N_Z6_V4_2b.tif
omeka_007069.xml,120017142.tif
omeka_007070.xml,120017103.tif
omeka_007071.xml,120017102.tif
omeka_007072.xml,120017020.tif
omeka_007073.xml,120017072.tif
omeka_007074.xml,120017071.tif
omeka_007075.xml,120017074.tif
omeka_007076.xml,120017073.tif
omeka_007077.xml,120017076.tif
omeka_007078.xml,120017075.tif
omeka_007079.xml,120017118.tif
omeka_007080.xml,X893.15_M28_002.tif
omeka_007081.xml,120017099.tif
omeka_007082.xml,120017098.tif
omeka_007083.xml,120017097.tif
omeka_007084.xml,120017096.tif
omeka_007085.xml,120017129.tif
omeka_007086.xml,120017141.tif
omeka_007087.xml,120017140.tif
omeka_007088.xml,SMITH_HEB_11_002.tif
omeka_007089.xml,SMITH_HEB_11_001.tif
omeka_007090.xml,X893_AS3_2a.tif
omeka_007091.xml,120017033.tif
omeka_007092.xml,120017032.tif
omeka_007093.xml,120017036.tif
omeka_007094.xml,120017035.tif
omeka_007095.xml,120017063.tif
omeka_007096.xml,120017017.tif
omeka_007097.xml,120017136.tif
omeka_007098.xml,120017135.tif
omeka_007099.xml,120017144.tif
omeka_007100.xml,120017021.tif
omeka_007101.xml,X893_H11_039.tif
omeka_007102.xml,X893_H11_008.tif
omeka_007103.xml,120017147.tif
omeka_007104.xml,120017110.tif
omeka_007105.xml,120017167.tif
omeka_007106.xml,120040_X893_L979_089.tif
omeka_007107.xml,120017061.tif
omeka_007108.xml,120017066.tif
omeka_007109.xml,120017087.tif
omeka_007110.xml,120017086.tif
omeka_007111.xml,100168001.tif
omeka_007112.xml,X893.1N_Z6_V1_2b.tif
omeka_007113.xml,120017042.tif
omeka_007114.xml,120017045.tif
omeka_007115.xml,120017044.tif
omeka_007116.xml,120017046.tif
omeka_007117.xml,120017154.tif
omeka_007118.xml,120017155.tif
omeka_007119.xml,100168009.tif
omeka_007120.xml,120017156.tif
omeka_007121.xml,120017057.tif
omeka_007122.xml,120017065.tif
omeka_007123.xml,120017082.tif
omeka_007124.xml,120017081.tif
omeka_007125.xml,120017121.tif
omeka_007126.xml,120017091.tif
omeka_007127.xml,120017090.tif
omeka_007128.xml,120017089.tif
omeka_007129.xml,120017088.tif
omeka_007130.xml,120017164.tif
omeka_007131.xml,120017131.tif
omeka_007132.xml,120017130.tif
omeka_007133.xml,120017101.tif
omeka_007134.xml,5598.tif
omeka_007135.xml,120017107.tif
omeka_007136.xml,120017023.tif
omeka_007137.xml,120017022.tif
omeka_007138.xml,120017034.tif
omeka_007139.xml,120017053.tif
omeka_007140.xml,120017112.tif
omeka_007141.xml,120017060.tif
omeka_007142.xml,120017059.tif
omeka_007143.xml,120017115.tif
omeka_007144.xml,120017161.tif
omeka_007145.xml,120017069.tif
omeka_007146.xml,120017068.tif
omeka_007147.xml,120017095.tif
omeka_007148.xml,120017094.tif
omeka_007149.xml,120017093.tif
omeka_007150.xml,120017092.tif
omeka_007151.xml,120017128.tif
omeka_007152.xml,X893_J5169_045.tif
omeka_007153.xml,X893_J5169_044.tif
omeka_007154.xml,120017159.tif
omeka_007155.xml,120017133.tif
omeka_007156.xml,120017132.tif
omeka_007157.xml,120017109.tif
omeka_007158.xml,X893_J522_010.tif
omeka_007159.xml,X893_J522_006.tif
omeka_007160.xml,120017148.tif
omeka_007161.xml,X893_J71_040.tif
omeka_007162.xml,X893_J71_004.tif
omeka_007163.xml,X893_J71_001.tif
omeka_007164.xml,120017153.tif
omeka_007165.xml,120017152.tif
omeka_007166.xml,120017151.tif
omeka_007167.xml,120017150.tif
omeka_007168.xml,120017149.tif
omeka_007169.xml,120017050.tif
omeka_007170.xml,120017049.tif
omeka_007171.xml,120017111.tif
omeka_007172.xml,120017052.tif
omeka_007173.xml,120017051.tif
omeka_007174.xml,120017056.tif
omeka_007175.xml,120017078.tif
omeka_007176.xml,120017163.tif
omeka_007177.xml,120017048.tif
omeka_007178.xml,120017047.tif
omeka_007179.xml,120017043.tif
omeka_007180.xml,SMITH_HEB_4_Col_1-2.tif
omeka_007181.xml,SMITH_HEB_4_001.tif
omeka_007182.xml,X86_C12_017.tif
omeka_007183.xml,X86_C12_014.tif
omeka_007184.xml,X86_C12_031.tif
omeka_007185.xml,120017108.tif
omeka_007186.xml,120017041.tif
omeka_007187.xml,120017040.tif
omeka_007188.xml,120017039.tif
omeka_007189.xml,120017160.tif
omeka_007190.xml,120017116.tif
omeka_007191.xml,120017123.tif
omeka_007192.xml,120017124.tif
omeka_007193.xml,X893.19_P41_001a.tif
omeka_007194.xml,120017004.tif
omeka_007195.xml,120017003.tif
omeka_007196.xml,120017002.tif
omeka_007197.xml,120017001.tif
omeka_007198.xml,120017013.tif
omeka_007199.xml,120017016.tif
omeka_007200.xml,120017015.tif
omeka_007201.xml,120017014.tif
omeka_007202.xml,120017029.tif
omeka_007203.xml,120017028.tif
omeka_007204.xml,120017055.tif
omeka_007205.xml,120017054.tif
omeka_007206.xml,120017157.tif
omeka_007207.xml,120017113.tif
omeka_007208.xml,120017134.tif
omeka_007209.xml,120017062.tif
omeka_007210.xml,120017080.tif
omeka_007211.xml,120017079.tif
omeka_007212.xml,120017100.tif
omeka_007213.xml,120017143.tif
omeka_007214.xml,X893_B476_002.tif
omeka_007215.xml,X893_B479_002.tif
omeka_007216.xml,X893_B4796_1a.tif
omeka_007217.xml,X893.15_C73_005b.tif
omeka_007218.xml,120017027.tif
omeka_007219.xml,120017026.tif
omeka_007220.xml,120017114.tif
omeka_007221.xml,X893_M28_018a.tif
omeka_007222.xml,120017064.tif
omeka_007223.xml,120017067.tif
omeka_007224.xml,120017070.tif
omeka_007225.xml,120017162.tif
omeka_007226.xml,120017117.tif
omeka_007227.xml,120017158.tif
omeka_007228.xml,120017006.tif
omeka_007229.xml,120017005.tif
omeka_007230.xml,120017126.tif
omeka_007231.xml,120017010.tif
omeka_007232.xml,120017009.tif
omeka_007233.xml,120017008.tif
omeka_007234.xml,120017007.tif
omeka_007235.xml,120017012.tif
omeka_007236.xml,120017011.tif
omeka_007252.xml,120017168.tif
omeka_007253.xml,120017166.tif